{
    "sum": 12042371,
    "min": 2000,
    "max": 7999,
    "mean": 5026.031302170284,
    "std_dev": 1754.180227819001
}