{
    "sum": 480177298.71,
    "min": 11455.33,
    "max": 9714270.89,
    "mean": 4529974.516132075,
    "std_dev": 2691793.520835887
}