{
    "sum": 1586078029,
    "min": 1080,
    "max": 999938,
    "mean": 498766.67578616354,
    "std_dev": 284027.49631782394
}